county,0
Alameda County,0.0
Alpine County,0.0
Amador County,0.0
Butte County,0.21386063691026766
Calaveras County,0.0
Clark County,
Colusa County,0.0
Contra Costa County,0.009062794041207979
El Dorado County,0.022472425138287858
Esmeralda County,0.302718
Fresno County,0.0
Glenn County,0.0925857238740149
Humboldt County,0.42882045989073725
Imperial County,0.14457709724356946
Inyo County,0.302718
Jackson County,0.302718
Josephine County,
Kern County,0.001322552754705151
Kings County,0.0
Klamath County,
La Paz County,0.3027179999999999
Lake County,0.04916586446574891
Lassen County,0.003979988551408786
Los Angeles,0.0
Los Angeles County,0.05806352530617512
Madera County,0.0
Maricopa County,
Marin County,0.0
Mariposa County,0.0
Mendocino County,0.05660375719511655
Merced County,0.0
Modoc County,0.30271799999999993
Mono County,0.014622250000000003
Monterey County,0.0
Municipio de Mexicali,0.302718
Municipio de Tijuana,0.302718
Napa County,0.0
Nevada County,0.21999890152035467
Orange County,0.0
Placer County,0.05143441848855908
Plumas County,0.18819776432744736
Riverside County,0.008413505327221413
Sacramento County,0.0014880940394521951
San Benito County,0.0
San Bernardino County,0.02047525305658904
San Diego County,0.043819313828358374
San Francisco County,0.0
San Joaquin County,0.0
San Luis Obispo County,0.0
San Mateo County,0.0
Santa Barbara County,0.06107589384960357
Santa Clara County,0.0072396590650428295
Santa Cruz County,0.0
Shasta County,0.09616351815046198
Sierra County,0.1915295786646187
Siskiyou County,0.10812806794318242
Solano County,0.0906050194157263
Sonoma County,0.03043980414859884
Stanislaus County,0.02601795594202045
Sutter County,0.21200099126976826
Tehama County,0.424304591557421
Trinity County,0.4315103963608186
Tulare County,0.0
Tuolumne County,0.0
Ventura County,0.0
Yolo County,0.05517708860516244
Yuba County,0.19638950052782148
Yuma County,0.302718
