county,0
 County,
Alameda County,0.01804890812714925
Alpine County,0.0
Amador County,0.0
Butte County,0.0
Calaveras County,0.0
Clark County,
Colusa County,0.0
Contra Costa County,0.06786474575480603
El Dorado County,0.01982999836347255
Esmeralda County,0.015043283030075556
Fresno County,0.06935598987844
Glenn County,0.0832157725785348
Humboldt County,0.02163462889563437
Imperial County,0.08529653256364199
Inyo County,0.011176643471070532
Josephine County,
Kern County,0.2191410239115033
Kings County,0.045940300515739226
Klamath County,
La Paz County,4.962380397886717
Lake County,0.018914004065462425
Lassen County,0.0011131878183846778
Los Angeles County,0.024873330425071775
Madera County,0.0
Maricopa County,
Marin County,0.0
Mariposa County,0.0
Mendocino County,0.025678639524320007
Merced County,0.06048974884976641
Modoc County,0.0
Mono County,0.00872049522472556
Monterey County,0.13798755264372242
Municipio de Mexicali County,0.0
Municipio de Tijuana County,0.20058296876957527
Napa County,0.0
Nevada County,0.0
Orange County,0.0017938566228995563
Placer County,0.0
Plumas County,0.0
Riverside County,0.05542444962813285
Sacramento County,0.06782054534684129
San Benito County,1.1654991778544503
San Bernardino County,0.08700382159428036
San Diego County,0.01695235584386944
San Francisco County,0.0
San Joaquin County,0.05640747504565181
San Luis Obispo County,0.0014271938404755928
San Mateo County,0.0
Santa Barbara County,0.011621697365285937
Santa Clara County,0.045719996085803405
Santa Cruz County,0.0
Shasta County,0.038002754762655265
Sierra County,0.0
Siskiyou County,0.0
Solano County,0.09466941077286828
Sonoma County,0.00792122328540611
Stanislaus County,0.07140735498339336
Sutter County,0.0186312276091919
Tehama County,0.018940916315081248
Trinity County,0.05649972092477351
Tulare County,0.05197810414948618
Tuolumne County,0.0
Ventura County,0.012915014653303674
Yolo County,0.0
Yuba County,0.0
Yuma County,0.0
