county,0
 County,
Alameda County,0.022659077945637138
Alpine County,0.0
Amador County,0.0
Butte County,0.0
Calaveras County,0.0
Clark County,
Colusa County,0.0
Contra Costa County,0.03682826153155632
El Dorado County,0.07801160513771357
Esmeralda County,0.0
Fresno County,0.035339651407100006
Glenn County,0.008997522677792113
Humboldt County,0.02003497312091523
Imperial County,0.03962108454365197
Inyo County,0.004926473844720102
Josephine County,
Kern County,0.10117139439920426
Kings County,0.0010836426701145694
Klamath County,
La Paz County,2.1190687016641676
Lake County,0.020581095867604843
Lassen County,0.0017893181269386437
Los Angeles County,0.02625676830354491
Madera County,0.00042456975156866523
Maricopa County,
Marin County,0.0
Mariposa County,0.0
Mendocino County,0.022926547681907435
Merced County,0.04386623389711394
Modoc County,0.0
Mono County,0.03400088198598701
Monterey County,0.13045206674924648
Municipio de Mexicali County,0.01914267641213944
Municipio de Tijuana County,0.0
Napa County,0.050186500458560004
Nevada County,0.0
Orange County,0.0028832875748315387
Placer County,0.0
Plumas County,0.0
Riverside County,0.051097087362911506
Sacramento County,0.0736163050203268
San Benito County,0.83544523884462
San Bernardino County,0.05018720990099321
San Diego County,0.0205132135275983
San Francisco County,0.0
San Joaquin County,0.037413651653689324
San Luis Obispo County,0.0019414000374805287
San Mateo County,0.003908879178110742
Santa Barbara County,0.0
Santa Clara County,0.04109213778489665
Santa Cruz County,0.033132109545856936
Shasta County,0.038616547319787455
Sierra County,0.0
Siskiyou County,0.0
Solano County,0.029906022185977422
Sonoma County,0.025551594091356745
Stanislaus County,0.05040174343631767
Sutter County,0.0
Tehama County,0.01974175819214433
Trinity County,0.05242577154452683
Tulare County,0.040835913819070944
Tuolumne County,0.0
Ventura County,0.00794934713571668
Yolo County,0.0
Yuba County,0.0
Yuma County,0.04213808434045817
