county,0
 County,
Alameda County,0.01926081750654933
Alpine County,0.0
Amador County,0.0
Butte County,0.0
Calaveras County,0.0
Clark County,
Colusa County,0.0
Contra Costa County,0.04537898088460661
El Dorado County,0.1147968990575534
Esmeralda County,0.0
Fresno County,0.0439779106796596
Glenn County,0.009830982961815065
Humboldt County,0.01996255478725572
Imperial County,0.08202469929033238
Inyo County,0.004903350722341543
Josephine County,
Kern County,0.07448343351713958
Kings County,0.0
Klamath County,
La Paz County,6.9936846872702
Lake County,0.02082136585608078
Lassen County,0.0017394952236543526
Los Angeles County,0.025919647861582403
Madera County,0.0
Maricopa County,
Marin County,0.0
Mariposa County,0.0
Mendocino County,0.023159533462230868
Merced County,0.07292065476459858
Modoc County,0.0
Mono County,0.033054139887965475
Monterey County,0.0865909001963488
Municipio de Mexicali County,0.0
Municipio de Tijuana County,0.03331783287441083
Napa County,0.0593536402168466
Nevada County,0.0
Orange County,0.002172552943169485
Placer County,0.0
Plumas County,0.0
Riverside County,0.046061438509047106
Sacramento County,0.07185832047921682
San Benito County,1.4594266087791847
San Bernardino County,0.05964069430401694
San Diego County,0.025332137635024548
San Francisco County,0.0
San Joaquin County,0.03823207568375682
San Luis Obispo County,1.142406958764912e-10
San Mateo County,0.0
Santa Barbara County,1.2776173379157018e-15
Santa Clara County,0.04864038766477086
Santa Cruz County,0.0
Shasta County,0.04072954150629818
Sierra County,0.0
Siskiyou County,0.0
Solano County,0.027999904204064226
Sonoma County,0.03017026777512843
Stanislaus County,0.0593598853968119
Sutter County,0.0
Tehama County,0.019272517002305974
Trinity County,0.052208270659611235
Tulare County,0.0473416183719491
Tuolumne County,0.1725089633018427
Ventura County,0.010664674556107348
Yolo County,0.0
Yuba County,0.0
Yuma County,0.0
