county,0
 County,
Alameda County,0.014295751980626829
Alpine County,0.0
Amador County,0.0044683896833914065
Butte County,0.0
Calaveras County,0.0
Clark County,
Colusa County,0.0
Contra Costa County,0.038345642734389666
El Dorado County,0.10696958344377869
Esmeralda County,0.0
Fresno County,0.03044708384520843
Glenn County,0.008417266440228898
Humboldt County,0.015213462977695694
Imperial County,0.04431262318457687
Inyo County,0.005970045068917762
Josephine County,
Kern County,0.11224604535985129
Kings County,0.0
Klamath County,
La Paz County,0.1579203
Lake County,0.023752412391118933
Lassen County,0.002140642820813693
Los Angeles County,0.015074940124317206
Madera County,0.0
Maricopa County,
Marin County,0.0
Mariposa County,0.0
Mendocino County,0.026245442719471736
Merced County,0.07603995744902227
Modoc County,0.0
Mono County,0.04067680451454155
Monterey County,0.07410122285143915
Municipio de Mexicali County,0.0
Municipio de Tijuana County,0.0
Napa County,0.05004819741549337
Nevada County,0.0
Orange County,0.00375241755573414
Placer County,0.0
Plumas County,0.0
Riverside County,0.0512619759985906
Sacramento County,0.08424015985911375
San Benito County,0.9167569643306354
San Bernardino County,0.047096137478619675
San Diego County,0.021282583153853195
San Francisco County,0.0
San Joaquin County,0.037320486829473025
San Luis Obispo County,0.0
San Mateo County,0.0
Santa Barbara County,0.0
Santa Clara County,0.016939987720851906
Santa Cruz County,0.0
Shasta County,0.03244511190197553
Sierra County,0.0
Siskiyou County,0.02949597271392734
Solano County,0.0296895820066329
Sonoma County,0.0247598048854641
Stanislaus County,0.05247988876724834
Sutter County,0.0
Tehama County,0.01657347613767803
Trinity County,0.04509971849388898
Tulare County,0.037463470833750075
Tuolumne County,0.0
Ventura County,0.007854511800243167
Yolo County,0.0
Yuba County,0.0
Yuma County,0.0
