county,0
Alameda County,0.0
Alpine County,0.0
Amador County,0.0
Butte County,0.23539009440411604
Calaveras County,0.0
Clark County,
Colusa County,0.0
Contra Costa County,0.11302488817442725
El Dorado County,0.022472425133488978
Esmeralda County,0.302718
Fresno County,0.014572592841136768
Glenn County,0.09258572361982123
Humboldt County,0.42482967784365117
Imperial County,0.13429861513052724
Inyo County,0.302718
Jackson County,0.302718
Josephine County,
Kern County,0.021845443086897124
Kings County,0.00047961524633482414
Klamath County,
La Paz County,0.30271800000000004
Lake County,0.031872507360580296
Lassen County,0.003979988539640743
Los Angeles,0.0
Los Angeles County,0.012174911377841794
Madera County,0.0021666962501109364
Maricopa County,
Marin County,0.0
Mariposa County,0.0
Mendocino County,0.0
Merced County,0.001063674209156451
Modoc County,0.302718
Mono County,0.014622250000000002
Monterey County,0.061703550964721576
Municipio de Mexicali,0.3027180000000001
Municipio de Tijuana,0.30271799999999993
Napa County,0.0
Nevada County,0.15884072230279964
Orange County,0.0
Placer County,0.05143442331570631
Plumas County,0.18819776434041863
Riverside County,0.00889265737615109
Sacramento County,0.06968810501618765
San Benito County,0.0
San Bernardino County,0.021549297120434352
San Diego County,0.016882722818606012
San Francisco County,0.0
San Joaquin County,0.05705178372072685
San Luis Obispo County,0.0
San Mateo County,0.0
Santa Barbara County,0.0
Santa Clara County,0.013679013533633815
Santa Cruz County,0.0
Shasta County,0.15456448886506421
Sierra County,0.1915295787576701
Siskiyou County,0.10812806766955978
Solano County,0.09060501811001909
Sonoma County,0.00419798281822122
Stanislaus County,0.029576282000263167
Sutter County,0.21200100304794958
Tehama County,0.4243045916038646
Trinity County,0.4279154671509213
Tulare County,0.0
Tuolumne County,0.0
Ventura County,0.0
Yolo County,0.05517708879648878
Yuba County,0.19638950132138586
Yuma County,0.302718
