county,0
 County,
Alameda County,0.12380626319345757
Alpine County,0.08408907133681442
Amador County,0.08141526821585728
Butte County,0.0736081790755019
Calaveras County,0.08199057409473305
Clark County,
Colusa County,0.0
Contra Costa County,0.26624953280215796
El Dorado County,0.13638366739581778
Esmeralda County,0.12755357918572127
Fresno County,0.06448084745071207
Glenn County,0.10146014098555721
Humboldt County,1.1470401300932602
Imperial County,0.11452856104318238
Inyo County,0.129798355103259
Josephine County,
Kern County,0.31536533302842584
Kings County,0.029608205671603105
Klamath County,
La Paz County,0.44722182003043476
Lake County,0.08605577005514124
Lassen County,0.0671032387539882
Los Angeles County,0.08923234312579326
Madera County,0.006992864065082507
Maricopa County,
Marin County,0.0
Mariposa County,0.004003170757849626
Mendocino County,0.0
Merced County,0.16299515128616238
Modoc County,0.04180278782779047
Mono County,0.1579203
Monterey County,0.3203123888399449
Municipio de Mexicali County,0.1579203
Municipio de Tijuana County,0.0
Napa County,0.0
Nevada County,0.07482623524466504
Orange County,0.0
Placer County,0.06620500957119854
Plumas County,0.08847489726855275
Riverside County,0.0812310439569998
Sacramento County,0.339895000006322
San Benito County,0.0694523932591367
San Bernardino County,0.23305393833030236
San Diego County,0.06064334938902507
San Francisco County,0.11489830102750655
San Joaquin County,0.19964149221746516
San Luis Obispo County,0.001989087902860247
San Mateo County,0.0940551451937219
Santa Barbara County,0.1609505821034071
Santa Clara County,0.24864823746936554
Santa Cruz County,0.07003962484174583
Shasta County,0.494359773854185
Sierra County,0.07019195613531297
Siskiyou County,0.0
Solano County,0.042451719752404235
Sonoma County,0.011334553692093893
Stanislaus County,0.44948839291258663
Sutter County,0.21291567510597542
Tehama County,0.5953087307606494
Trinity County,1.1553717614081291
Tulare County,0.39655499483675255
Tuolumne County,0.05043783565995743
Ventura County,0.5070468390615632
Yolo County,0.20400411675257796
Yuba County,0.05931092270120422
Yuma County,0.5963857734698064
