county,0
 County,
Alameda County,0.01736865154559797
Alpine County,0.0
Amador County,0.0
Butte County,0.0
Calaveras County,0.0
Clark County,
Colusa County,0.0
Contra Costa County,0.0739230792169244
El Dorado County,0.01861574912914505
Esmeralda County,0.017592574876529182
Fresno County,0.0715632806452418
Glenn County,0.0839143801438017
Humboldt County,0.02265135005122613
Imperial County,0.08502018541559136
Inyo County,0.014064762621864561
Josephine County,
Kern County,0.2225701981774576
Kings County,0.05108193328606516
Klamath County,
La Paz County,4.860984238668717
Lake County,0.05071530545289633
Lassen County,0.0010450240510292946
Los Angeles County,0.024625248759495236
Madera County,0.0
Maricopa County,
Marin County,0.0
Mariposa County,0.0
Mendocino County,0.0
Merced County,0.05773629025722933
Modoc County,0.0
Mono County,0.008099383399759049
Monterey County,0.13191446601028387
Municipio de Mexicali County,0.0
Municipio de Tijuana County,0.27388977092696276
Napa County,0.0
Nevada County,0.0
Orange County,0.0021379991293413074
Placer County,0.0
Plumas County,0.0
Riverside County,0.052655854872168714
Sacramento County,0.06197369133335919
San Benito County,1.0935378385784704
San Bernardino County,0.06426827764865667
San Diego County,0.01885106143871902
San Francisco County,0.0
San Joaquin County,0.053057688693383474
San Luis Obispo County,0.0003706369991478268
San Mateo County,0.0
Santa Barbara County,0.024831193030657547
Santa Clara County,0.05077564125151103
Santa Cruz County,0.0
Shasta County,0.0363959024079545
Sierra County,0.0
Siskiyou County,0.0
Solano County,0.11746091000657469
Sonoma County,0.008648976236040468
Stanislaus County,0.07090919539777744
Sutter County,0.03490915074022294
Tehama County,0.01957131293393441
Trinity County,0.06179797192620339
Tulare County,0.04990431661227902
Tuolumne County,0.0
Ventura County,0.017534534841242653
Yolo County,0.0
Yuba County,0.0
Yuma County,0.0
