county,0
Alameda County,0.014785196592935665
Alpine County,0.0
Amador County,0.0
Butte County,0.0
Calaveras County,0.0
Clark County,
Colusa County,0.0
Contra Costa County,0.06072482955759303
El Dorado County,0.013558309563882615
Esmeralda County,0.0039072301884059525
Fresno County,0.086885455675289
Glenn County,0.12011069135792624
Humboldt County,0.03357407771730396
Imperial County,0.07589407581887979
Inyo County,0.0031744107509216225
Jackson County,0.0
Josephine County,
Kern County,0.0982679818034435
Kings County,0.031382207118999174
Klamath County,
La Paz County,3.5288226907912748
Lake County,0.01870946836853653
Lassen County,0.0007159913064355229
Los Angeles,0.0
Los Angeles County,0.019330222173582684
Madera County,0.0
Maricopa County,
Marin County,0.0
Mariposa County,0.0
Mendocino County,0.022887398241611557
Merced County,0.04771682669889261
Modoc County,0.0
Mono County,0.002032168951974668
Monterey County,0.1178561892302756
Municipio de Mexicali,0.0
Municipio de Tijuana,0.16988061948236624
Napa County,0.0
Nevada County,0.0
Orange County,0.00011523478910933953
Placer County,0.0
Plumas County,0.0
Riverside County,0.05118193192666906
Sacramento County,0.06375321681256879
San Benito County,0.8525609398175084
San Bernardino County,0.03801624072053253
San Diego County,0.013867848047722845
San Francisco County,0.0
San Joaquin County,0.04723794971108719
San Luis Obispo County,0.0029006518769658287
San Mateo County,0.0
Santa Barbara County,0.013883141548509517
Santa Clara County,0.04625995197436572
Santa Cruz County,0.0
Shasta County,0.027151407229693864
Sierra County,0.0
Siskiyou County,0.0
Solano County,0.07123170876255237
Sonoma County,0.007173185067614006
Stanislaus County,0.05752369820698922
Sutter County,0.023560213288323802
Tehama County,0.017345030011182955
Trinity County,0.055571479393338216
Tulare County,0.03733422339767653
Tuolumne County,0.0
Ventura County,0.01175224539975804
Yolo County,0.0
Yuba County,0.0
Yuma County,0.0
