county,0
 County,
Alameda County,0.0035057369322198974
Alpine County,0.00082414397442735
Amador County,0.0007979384438874116
Butte County,0.0007227803499747239
Calaveras County,0.0007974630355517155
Clark County,
Colusa County,0.0
Contra Costa County,0.014162492575450025
El Dorado County,0.06140744917812978
Esmeralda County,0.12589331783236551
Fresno County,0.003802634386937252
Glenn County,0.0
Humboldt County,1.1470401300791633
Imperial County,0.07077414260649331
Inyo County,0.12905031655998517
Josephine County,
Kern County,0.05330106997485358
Kings County,0.0
Klamath County,
La Paz County,0.0
Lake County,0.08605576995577703
Lassen County,0.011953416314914643
Los Angeles County,0.010764102995971964
Madera County,4.033600058348145e-05
Maricopa County,
Marin County,0.0
Mariposa County,2.036186305134065e-06
Mendocino County,0.0
Merced County,8.34715059735312e-05
Modoc County,0.0004035032664117745
Mono County,0.1579203
Monterey County,0.0005013111948201326
Municipio de Mexicali County,0.15792030000000004
Municipio de Tijuana County,0.0
Napa County,0.0
Nevada County,0.0007361736188534821
Orange County,0.0
Placer County,0.0005045732512714765
Plumas County,0.0008727001818882113
Riverside County,0.005792514244903085
Sacramento County,0.008277382572685161
San Benito County,0.00048145248340296994
San Bernardino County,0.007962604317772756
San Diego County,0.001213151623027739
San Francisco County,0.010222148343081152
San Joaquin County,0.000500655206991557
San Luis Obispo County,2.1127499719623513e-05
San Mateo County,0.0006610626945080302
Santa Barbara County,0.05037694389399409
Santa Clara County,0.006009640757685582
Santa Cruz County,0.0006006270846106088
Shasta County,0.5878044482859184
Sierra County,0.000695262758796138
Siskiyou County,0.0
Solano County,0.008699704305944085
Sonoma County,0.011334553687043917
Stanislaus County,0.19101669226685258
Sutter County,0.0005808118054270405
Tehama County,0.9051317726096877
Trinity County,1.1553717612680303
Tulare County,2.916650734827433e-07
Tuolumne County,0.0005201239426480571
Ventura County,0.1940181197790685
Yolo County,0.0004056307059802556
Yuba County,0.0005885339638884961
Yuma County,0.02016317276153093
