county,0
Alameda County,0.01857674005939561
Alpine County,0.004077224210076637
Amador County,0.026475543858683753
Butte County,0.0
Calaveras County,0.023336214058190623
Clark County,
Colusa County,0.0
Contra Costa County,0.03556510428246504
El Dorado County,0.11212410282545106
Esmeralda County,0.003839847980022158
Fresno County,0.03968172800063322
Glenn County,0.030179649870712037
Humboldt County,0.03447812834246006
Imperial County,0.13844464281925406
Inyo County,0.0026451424918226578
Jackson County,0.0
Josephine County,
Kern County,0.0780793323144029
Kings County,0.00043717277888757417
Klamath County,
La Paz County,3.162286160848752
Lake County,0.02119330719493681
Lassen County,0.001255362897202838
Los Angeles,0.05635378486363419
Los Angeles County,0.02298875877625957
Madera County,0.0005895899738699174
Maricopa County,
Marin County,0.0
Mariposa County,0.0
Mendocino County,0.02193262126553458
Merced County,0.02880055679116269
Modoc County,0.0
Mono County,0.002596765124600285
Monterey County,0.09998826118553558
Municipio de Mexicali,0.012098155802793303
Municipio de Tijuana,0.0
Napa County,0.03114712332221877
Nevada County,0.006566916022955148
Orange County,0.0018544356575641704
Placer County,0.019991770465383012
Plumas County,0.0
Riverside County,0.038720689679960035
Sacramento County,0.06641856568171607
San Benito County,0.5749107630145762
San Bernardino County,0.04427911688727131
San Diego County,0.022261622037285617
San Francisco County,0.0
San Joaquin County,0.04493985451817128
San Luis Obispo County,0.001362468709116073
San Mateo County,0.006026078217707696
Santa Barbara County,0.0
Santa Clara County,0.04577266475234882
Santa Cruz County,0.022598954720591202
Shasta County,0.02467284305694515
Sierra County,0.0
Siskiyou County,0.0
Solano County,0.018924023357787347
Sonoma County,0.019613533578596
Stanislaus County,0.04699253871527249
Sutter County,0.0
Tehama County,0.022528236072360507
Trinity County,0.057034974295036796
Tulare County,0.03149692423140108
Tuolumne County,0.02710022404978049
Ventura County,0.007975182577940226
Yolo County,0.0
Yuba County,0.0
Yuma County,0.061441112349173245
