county,0
 County,
Alameda County,0.14177173599621362
Alpine County,0.08286643178757593
Amador County,0.0802315052693947
Butte County,0.07222554991970107
Calaveras County,0.08093996184312707
Clark County,
Colusa County,0.0
Contra Costa County,0.28484817778088084
El Dorado County,0.13546744088177218
Esmeralda County,0.12783342064248746
Fresno County,0.07112907631514992
Glenn County,0.10146014103284091
Humboldt County,1.1470401300978175
Imperial County,0.10896519351231662
Inyo County,0.1299354383788136
Josephine County,
Kern County,0.2545272965789759
Kings County,0.03195699213155309
Klamath County,
La Paz County,0.49257747848507033
Lake County,0.0860557700533912
Lassen County,0.06653079500434934
Los Angeles County,0.1265751313791466
Madera County,0.008240910013469546
Maricopa County,
Marin County,0.0
Mariposa County,0.006362131128776884
Mendocino County,0.0
Merced County,0.1637216505896367
Modoc County,0.04099645274603554
Mono County,0.15792029999999999
Monterey County,0.3670063277737564
Municipio de Mexicali County,0.15792029999999999
Municipio de Tijuana County,0.0
Napa County,0.0
Nevada County,0.07357608298161582
Orange County,0.0
Placer County,0.06708846377674485
Plumas County,0.08695070712605191
Riverside County,0.08133848698878668
Sacramento County,0.35531431867952107
San Benito County,0.0752923495524731
San Bernardino County,0.22893907805843486
San Diego County,0.065911718518887
San Francisco County,0.12686568531362066
San Joaquin County,0.2182692994149532
San Luis Obispo County,0.0019436868181909176
San Mateo County,0.13522862842498845
Santa Barbara County,0.10989169482742178
Santa Clara County,0.2831890510043157
Santa Cruz County,0.07288144818543908
Shasta County,0.49622025903255956
Sierra County,0.06890822441734067
Siskiyou County,0.0
Solano County,0.041473582118953294
Sonoma County,0.011334553694331709
Stanislaus County,0.4615863454197137
Sutter County,0.22334024323944093
Tehama County,0.5958830008806231
Trinity County,1.1553717616829478
Tulare County,0.4107702836039991
Tuolumne County,0.06482548524795936
Ventura County,0.27225533566389226
Yolo County,0.2161208286455934
Yuba County,0.05818944789428916
Yuma County,0.6167938690610929
