county,0
 County,
Alameda County,0.024889056911649582
Alpine County,0.0
Amador County,0.0
Butte County,0.0
Calaveras County,0.0
Clark County,
Colusa County,0.0
Contra Costa County,0.042688541307411156
El Dorado County,0.1209355673207001
Esmeralda County,0.0
Fresno County,0.03904643849597802
Glenn County,0.01019408379866159
Humboldt County,0.019623310034710233
Imperial County,0.04308440892099021
Inyo County,0.0048388444916855474
Josephine County,
Kern County,0.06052409532883751
Kings County,0.0058854704462425874
Klamath County,
La Paz County,1.1256775058632673
Lake County,0.02067465065188223
Lassen County,0.0016888430600781712
Los Angeles County,0.02417971834752555
Madera County,0.0003068108213070006
Maricopa County,
Marin County,0.0
Mariposa County,0.0
Mendocino County,0.022710190544968627
Merced County,0.04673951052123231
Modoc County,0.0
Mono County,0.032091640029275004
Monterey County,0.11755056933867838
Municipio de Mexicali County,0.018111992655014446
Municipio de Tijuana County,0.04208726364606599
Napa County,0.047153312302531426
Nevada County,0.0
Orange County,0.0032207261757453295
Placer County,0.0
Plumas County,0.0
Riverside County,0.05209380807866751
Sacramento County,0.06837301402642017
San Benito County,0.7969202243555871
San Bernardino County,0.0554942440535519
San Diego County,0.027614845075159773
San Francisco County,0.0
San Joaquin County,0.03196717810727939
San Luis Obispo County,0.002053992849211837
San Mateo County,0.008638180879846908
Santa Barbara County,0.0016864040254481706
Santa Clara County,0.02914016140130255
Santa Cruz County,0.03486797621737566
Shasta County,0.040547832776506795
Sierra County,0.0
Siskiyou County,0.0
Solano County,0.024985272426264537
Sonoma County,0.032427791277895
Stanislaus County,0.058260089283471005
Sutter County,0.0
Tehama County,0.01873554653281775
Trinity County,0.05128262352696844
Tulare County,0.04325482381397334
Tuolumne County,0.0
Ventura County,0.011596233186980475
Yolo County,0.0
Yuba County,0.0
Yuma County,0.050255073730358556
