county,0
 County,
Alameda County,0.01652862033965454
Alpine County,0.0
Amador County,0.0
Butte County,0.0
Calaveras County,0.0
Clark County,
Colusa County,0.0
Contra Costa County,0.048731743089178055
El Dorado County,0.11047005648999457
Esmeralda County,0.014449117279708651
Fresno County,0.05159544560751931
Glenn County,0.0697418501888861
Humboldt County,0.018754078880771213
Imperial County,0.05566623105528985
Inyo County,0.01027552586471387
Josephine County,
Kern County,0.08847385795560671
Kings County,0.015457653582729922
Klamath County,
La Paz County,4.195915519084568
Lake County,0.01800631546464547
Lassen County,0.0015514199564294925
Los Angeles County,0.030479331370640815
Madera County,0.0
Maricopa County,
Marin County,0.0
Mariposa County,0.0
Mendocino County,0.023560305405827382
Merced County,0.06074631239512598
Modoc County,0.0
Mono County,0.0087989968774779
Monterey County,0.12010340372555113
Municipio de Mexicali County,0.0170745765832918
Municipio de Tijuana County,0.11276284985166152
Napa County,0.0
Nevada County,0.0
Orange County,0.005746973279920515
Placer County,0.0
Plumas County,0.0
Riverside County,0.040561843786710204
Sacramento County,0.06945340220539618
San Benito County,1.1319534948674184
San Bernardino County,0.06787359029305996
San Diego County,0.028196906990116084
San Francisco County,0.0
San Joaquin County,0.05481001411322496
San Luis Obispo County,0.0015754960075436877
San Mateo County,0.0
Santa Barbara County,0.0035335247222937193
Santa Clara County,0.0466610143933788
Santa Cruz County,0.0
Shasta County,0.038850696146018555
Sierra County,0.0
Siskiyou County,0.0
Solano County,0.014528174479984833
Sonoma County,0.008225981742354864
Stanislaus County,0.05680621315000219
Sutter County,0.0
Tehama County,0.017253702071278992
Trinity County,0.048816360217825705
Tulare County,0.04815186453242729
Tuolumne County,0.0
Ventura County,0.011466320785813996
Yolo County,0.0
Yuba County,0.0
Yuma County,0.058484394159295315
