county,0
Alameda County,0.0051437982005994535
Alpine County,0.0
Amador County,0.0
Butte County,0.2613477893180295
Calaveras County,0.0
Clark County,
Colusa County,0.0
Contra Costa County,0.07072040249202328
El Dorado County,0.022472425067259476
Esmeralda County,0.302718
Fresno County,0.042674472023621665
Glenn County,0.0
Humboldt County,0.4248296780500813
Imperial County,0.1140636954506218
Inyo County,0.30271799999999993
Jackson County,0.302718
Josephine County,
Kern County,0.08825637513865424
Kings County,0.0
Klamath County,
La Paz County,0.30271799999999993
Lake County,0.031872507351210284
Lassen County,0.003979988560482661
Los Angeles,0.0
Los Angeles County,0.06121912612245792
Madera County,0.0
Maricopa County,
Marin County,0.0
Mariposa County,0.0
Mendocino County,0.0
Merced County,0.0
Modoc County,0.302718
Mono County,0.01462225
Monterey County,0.07651813987301083
Municipio de Mexicali,0.30271799999999993
Municipio de Tijuana,0.24810376623359928
Napa County,0.0
Nevada County,0.21999890154041019
Orange County,0.17477950160793954
Placer County,0.05694374165968917
Plumas County,0.18819776423145052
Riverside County,0.025694184687866314
Sacramento County,0.07220752818821809
San Benito County,0.0
San Bernardino County,0.0899963743102821
San Diego County,0.287953643067829
San Francisco County,0.0
San Joaquin County,0.058058718932632425
San Luis Obispo County,0.007954753902617195
San Mateo County,0.0
Santa Barbara County,0.06727058327318955
Santa Clara County,0.03296043917349608
Santa Cruz County,0.0
Shasta County,0.14522169083285424
Sierra County,0.191529578572435
Siskiyou County,0.10812806782468873
Solano County,0.0
Sonoma County,0.004197982830899226
Stanislaus County,0.03230359296805753
Sutter County,0.14729069962424327
Tehama County,0.4243045916413067
Trinity County,0.4279154670397888
Tulare County,0.041772522820606145
Tuolumne County,0.0
Ventura County,0.018512321746624188
Yolo County,0.0
Yuba County,0.19638950118478077
Yuma County,0.30271800000000004
