county,0
 County,
Alameda County,0.025026136179787693
Alpine County,0.0
Amador County,0.0
Butte County,0.0
Calaveras County,0.0
Clark County,
Colusa County,0.0
Contra Costa County,0.047935682431852755
El Dorado County,0.1176852882816844
Esmeralda County,0.015476727934693017
Fresno County,0.047106237238843156
Glenn County,0.010194083830139507
Humboldt County,0.019623310003126455
Imperial County,0.04342230844380139
Inyo County,0.010770963303879878
Josephine County,
Kern County,0.056731413666376275
Kings County,0.005887919719853508
Klamath County,
La Paz County,3.670332248172701
Lake County,0.02067465064770096
Lassen County,0.0016888430617590876
Los Angeles County,0.028690486887517807
Madera County,0.000305046952719443
Maricopa County,
Marin County,0.0
Mariposa County,0.0
Mendocino County,0.022710190537246776
Merced County,0.046738635598107404
Modoc County,0.0
Mono County,0.009749988101342574
Monterey County,0.11774618315825541
Municipio de Mexicali County,0.018109831135962005
Municipio de Tijuana County,0.04208726343281762
Napa County,0.0471533122621463
Nevada County,0.0
Orange County,0.0032207261764274314
Placer County,0.0
Plumas County,0.0
Riverside County,0.05259793351464104
Sacramento County,0.06757668092825708
San Benito County,0.8817710577676666
San Bernardino County,0.05747395340360318
San Diego County,0.027614845071868475
San Francisco County,0.0
San Joaquin County,0.0417994744316428
San Luis Obispo County,0.002049621152409327
San Mateo County,0.008627697002001168
Santa Barbara County,0.0013461578820536692
Santa Clara County,0.043806484099602465
Santa Cruz County,0.034805019406329026
Shasta County,0.040547832831016865
Sierra County,0.0
Siskiyou County,0.0
Solano County,0.024963541319642485
Sonoma County,0.03242779126868134
Stanislaus County,0.05826008917491026
Sutter County,0.0
Tehama County,0.01873554648219576
Trinity County,0.051282623908518794
Tulare County,0.04855505644898754
Tuolumne County,0.0
Ventura County,0.01159623322533851
Yolo County,0.0
Yuba County,0.0
Yuma County,0.050125899594377965
