county,0
 County,
Alameda County,0.10667139079984646
Alpine County,0.07515867052732346
Amador County,0.0727688297908772
Butte County,0.06593652395403574
Calaveras County,0.07320707667183966
Clark County,
Colusa County,0.0
Contra Costa County,0.24985531701054167
El Dorado County,0.1282510736865765
Esmeralda County,0.12741869073133794
Fresno County,0.06005600152543009
Glenn County,0.0
Humboldt County,1.1470401301690498
Imperial County,0.11372639186563359
Inyo County,0.1297314838124503
Josephine County,
Kern County,0.2814049314321306
Kings County,0.027674618397625465
Klamath County,
La Paz County,0.4183797623775508
Lake County,0.08605577002865639
Lassen County,0.06082611007202934
Los Angeles County,0.0839212534925475
Madera County,0.005679612962096677
Maricopa County,
Marin County,0.0
Mariposa County,0.002546274177182712
Mendocino County,0.0
Merced County,0.1618117492274203
Modoc County,0.037441331616178596
Mono County,0.1579203
Monterey County,0.28519564315838797
Municipio de Mexicali County,0.15792029999999999
Municipio de Tijuana County,0.0
Napa County,0.0
Nevada County,0.06696136420264606
Orange County,0.01693724436777503
Placer County,0.046648631552972684
Plumas County,0.07919658506609971
Riverside County,0.08109574148431871
Sacramento County,0.30967337819777524
San Benito County,0.06006734872329494
San Bernardino County,0.23343703029820467
San Diego County,0.05977977980764383
San Francisco County,0.0997749005745665
San Joaquin County,0.18202875963209456
San Luis Obispo County,0.0017891478540450394
San Mateo County,0.07903469740304409
Santa Barbara County,0.1458084887678701
Santa Clara County,0.2295260465951599
Santa Cruz County,0.061114602633871785
Shasta County,0.48934219266813966
Sierra County,0.06286979503604473
Siskiyou County,0.0
Solano County,0.038749998130881334
Sonoma County,0.011334553694914306
Stanislaus County,0.4401383736945081
Sutter County,0.19829948916403417
Tehama County,0.5949415859614906
Trinity County,1.1553717611912004
Tulare County,0.3657445123068905
Tuolumne County,0.04507241255735697
Ventura County,0.5022191156184045
Yolo County,0.19082257904122524
Yuba County,0.05314196310251604
Yuma County,0.5834599362985554
