county,0
 County,
Alameda County,0.022479836458405806
Alpine County,0.0
Amador County,0.0038851608393801673
Butte County,0.0
Calaveras County,0.0
Clark County,
Colusa County,0.0
Contra Costa County,0.03555240481037355
El Dorado County,0.10880660760110815
Esmeralda County,0.016356752916445814
Fresno County,0.030267150780098423
Glenn County,0.007942370666753209
Humboldt County,0.013227090618734406
Imperial County,0.05437210773687598
Inyo County,0.011277468818765303
Josephine County,
Kern County,0.1195620488604068
Kings County,0.0
Klamath County,
La Paz County,0.7478111404810148
Lake County,0.020599845314635188
Lassen County,0.00178931812597731
Los Angeles County,0.015011868547933344
Madera County,0.0
Maricopa County,
Marin County,0.0
Mariposa County,0.0
Mendocino County,0.022945519477161436
Merced County,0.0663488889245509
Modoc County,0.0
Mono County,0.010437742153745645
Monterey County,0.07832709397919584
Municipio de Mexicali County,0.0
Municipio de Tijuana County,0.0
Napa County,0.050189088490347464
Nevada County,0.0
Orange County,0.0029169861294020215
Placer County,0.0
Plumas County,0.0
Riverside County,0.04568313321257846
Sacramento County,0.07084246261407982
San Benito County,0.91675696361111
San Bernardino County,0.04838772079265224
San Diego County,0.02036999118963733
San Francisco County,0.0
San Joaquin County,0.02921815061242192
San Luis Obispo County,0.0
San Mateo County,0.0
Santa Barbara County,0.0
Santa Clara County,0.018580339347059785
Santa Cruz County,0.0
Shasta County,0.029838025736511658
Sierra County,0.0
Siskiyou County,0.02564606173956203
Solano County,0.026454385024090053
Sonoma County,0.025568532130836197
Stanislaus County,0.05040174354701143
Sutter County,0.0
Tehama County,0.014084212635768457
Trinity County,0.03919062931830422
Tulare County,0.03701429640251965
Tuolumne County,0.0
Ventura County,0.007949347133918492
Yolo County,0.0
Yuba County,0.0
Yuma County,0.0
