county,0
 County,
Alameda County,0.023894652570489627
Alpine County,0.0
Amador County,0.003730863798875607
Butte County,0.0
Calaveras County,0.0
Clark County,
Colusa County,0.0
Contra Costa County,0.048766110378589515
El Dorado County,0.11615645923561874
Esmeralda County,0.0
Fresno County,0.053043569575163436
Glenn County,0.0696869302169017
Humboldt County,0.012969043977800855
Imperial County,0.04102039516472619
Inyo County,0.0047651716895667
Josephine County,
Kern County,0.08084411724392525
Kings County,0.0118317555697929
Klamath County,
La Paz County,3.0290734191650586
Lake County,0.018730022117816075
Lassen County,0.0016034181213191916
Los Angeles County,0.03081853144163616
Madera County,0.0
Maricopa County,
Marin County,0.0
Mariposa County,0.0
Mendocino County,0.024194120842086716
Merced County,0.0624050006951405
Modoc County,0.0
Mono County,0.03046838306841302
Monterey County,0.12177276617533521
Municipio de Mexicali County,0.017195061062132293
Municipio de Tijuana County,0.11026515369036226
Napa County,0.0
Nevada County,0.0
Orange County,0.0031711636633227685
Placer County,0.0
Plumas County,0.0
Riverside County,0.05109418060421251
Sacramento County,0.07111176678028408
San Benito County,1.1690541258925848
San Bernardino County,0.06351775756104346
San Diego County,0.028277043877124992
San Francisco County,0.0
San Joaquin County,0.040613209661797024
San Luis Obispo County,0.002524665074906237
San Mateo County,0.0
Santa Barbara County,0.003651952269752765
Santa Clara County,0.04738674654220294
Santa Cruz County,0.0
Shasta County,0.031844252660447575
Sierra County,0.0
Siskiyou County,0.02462754260469146
Solano County,0.015214627924715014
Sonoma County,0.008567225970891839
Stanislaus County,0.05887783896591351
Sutter County,0.0
Tehama County,0.012935869674103002
Trinity County,0.03805666041014564
Tulare County,0.0614734530255483
Tuolumne County,0.0
Ventura County,0.011544815617955059
Yolo County,0.0
Yuba County,0.0
Yuma County,0.048573563563277834
