county,0
 County,
Alameda County,0.1020120990816821
Alpine County,0.07276557747070693
Amador County,0.07045183057217429
Butte County,0.06389199098217409
Calaveras County,0.07085100949017256
Clark County,
Colusa County,0.0
Contra Costa County,0.24834012523335278
El Dorado County,0.12606558726204267
Esmeralda County,0.12739186202542888
Fresno County,0.05884884803553395
Glenn County,0.0
Humboldt County,1.1470401300617272
Imperial County,0.1134893881282029
Inyo County,0.1297203778133381
Josephine County,
Kern County,0.2761150788367682
Kings County,0.026927720890538527
Klamath County,
La Paz County,0.41026554680629684
Lake County,0.08605577012259348
Lassen County,0.05915471490151211
Los Angeles County,0.08370021764730982
Madera County,0.005316347338920049
Maricopa County,
Marin County,0.0
Mariposa County,0.002163074568646267
Mendocino County,0.0
Merced County,0.16148180511744734
Modoc County,0.03627266434830411
Mono County,0.1579203
Monterey County,0.27558901824923865
Municipio de Mexicali County,0.1579203
Municipio de Tijuana County,0.0
Napa County,0.0
Nevada County,0.0648583877670145
Orange County,0.0
Placer County,0.04512993689836919
Plumas County,0.07671818824727011
Riverside County,0.08098856147032021
Sacramento County,0.3070653246873735
San Benito County,0.05752362930232516
San Bernardino County,0.23174319746790445
San Diego County,0.05947575373482369
San Francisco County,0.09568423187797444
San Joaquin County,0.17718098234922808
San Luis Obispo County,0.0017374196364092478
San Mateo County,0.07571284291319495
Santa Barbara County,0.14585143921465596
Santa Clara County,0.22741277690408698
Santa Cruz County,0.058682178756106804
Shasta County,0.48704884693255696
Sierra County,0.06091586499737129
Siskiyou County,0.0
Solano County,0.037748777630616286
Sonoma County,0.011334553690413548
Stanislaus County,0.43767891312660934
Sutter County,0.19445096178635743
Tehama County,0.5948209055032697
Trinity County,1.1553717614982058
Tulare County,0.35797919863187794
Tuolumne County,0.043584440542181364
Ventura County,0.501410512327766
Yolo County,0.18742570051546426
Yuba County,0.051496710752878094
Yuma County,0.5797676805154671
