county,0
 County,
Alameda County,0.01640689612690953
Alpine County,0.0
Amador County,0.0
Butte County,0.0
Calaveras County,0.0
Clark County,
Colusa County,0.0
Contra Costa County,0.0571911130269156
El Dorado County,0.10682041160655521
Esmeralda County,0.014133734235334169
Fresno County,0.051498068876958424
Glenn County,0.0723072062021149
Humboldt County,0.01968465004517815
Imperial County,0.08252916204718172
Inyo County,0.01030465806452285
Josephine County,
Kern County,0.10129064726437804
Kings County,0.019848579190947426
Klamath County,
La Paz County,2.582249389099191
Lake County,0.018022087408240378
Lassen County,0.0010545367973008035
Los Angeles County,0.031480520194543546
Madera County,0.0023217130432379887
Maricopa County,
Marin County,0.0
Mariposa County,0.0
Mendocino County,0.024099172162064638
Merced County,0.0721296242169756
Modoc County,0.0
Mono County,0.008382549732377077
Monterey County,0.09657875121898246
Municipio de Mexicali County,0.014674684318364075
Municipio de Tijuana County,0.13850675235413226
Napa County,0.0
Nevada County,0.0
Orange County,0.026796483081823787
Placer County,0.0
Plumas County,0.0
Riverside County,0.03738777489062072
Sacramento County,0.0694275542838322
San Benito County,1.2799498037892847
San Bernardino County,0.05244381293690034
San Diego County,0.031032032922950932
San Francisco County,0.0
San Joaquin County,0.053435509199649935
San Luis Obispo County,0.001371673354502123
San Mateo County,0.0
Santa Barbara County,0.0034416890684706345
Santa Clara County,0.04238804465734816
Santa Cruz County,0.0
Shasta County,0.036742651821466306
Sierra County,0.0
Siskiyou County,0.0
Solano County,0.002964669201793231
Sonoma County,0.007616310202658398
Stanislaus County,0.05784175724009117
Sutter County,0.0
Tehama County,0.01713244056847256
Trinity County,0.05131659446198165
Tulare County,0.049239508636529275
Tuolumne County,0.0
Ventura County,0.010863645084592907
Yolo County,0.0
Yuba County,0.0
Yuma County,0.03540518387425299
