county,0
Alameda County,0.005143779251735502
Alpine County,0.0
Amador County,0.0
Butte County,0.0
Calaveras County,0.0
Clark County,
Colusa County,0.0
Contra Costa County,0.05082073760412167
El Dorado County,0.011236041048336748
Esmeralda County,0.3027233309385298
Fresno County,0.013435606164346615
Glenn County,0.00676163650094633
Humboldt County,0.03472102300469713
Imperial County,0.11018425417771494
Inyo County,0.100084529554576
Jackson County,0.3027334695868252
Josephine County,
Kern County,0.01551175648781709
Kings County,0.0004298257575265721
Klamath County,
La Paz County,0.3026898506342438
Lake County,0.032064632607682275
Lassen County,0.001989957508414427
Los Angeles,0.0
Los Angeles County,0.02966612228058583
Madera County,0.00048452024340940066
Maricopa County,
Marin County,0.0
Mariposa County,0.0
Mendocino County,0.04463768428454709
Merced County,0.00023776406763648139
Modoc County,0.3027210738063868
Mono County,0.014622102013118936
Monterey County,0.0638254307431937
Municipio de Mexicali,0.3027156926737239
Municipio de Tijuana,0.3027175370175552
Napa County,0.0
Nevada County,0.21999814246846905
Orange County,0.003136519179974965
Placer County,0.051434180260058505
Plumas County,0.0
Riverside County,0.009118890625741777
Sacramento County,0.05212084147335924
San Benito County,0.0
San Bernardino County,0.004014376044288437
San Diego County,0.04291719575098912
San Francisco County,0.0
San Joaquin County,0.03919848001681201
San Luis Obispo County,0.0
San Mateo County,0.0
Santa Barbara County,0.0
Santa Clara County,0.011674306096731922
Santa Cruz County,0.0
Shasta County,0.06373483791056563
Sierra County,0.1915317378485126
Siskiyou County,0.1081279501868137
Solano County,0.0
Sonoma County,0.01994187858209051
Stanislaus County,0.013677955210475965
Sutter County,0.07390948728172961
Tehama County,0.02479724380492071
Trinity County,0.04006130597209093
Tulare County,0.0
Tuolumne County,0.0
Ventura County,0.012499193983257694
Yolo County,0.017402338737754763
Yuba County,0.1843435053183794
Yuma County,0.302725533187796
