county,0
Alameda County,0.005143798077815453
Alpine County,0.0
Amador County,0.0
Butte County,0.233283299520876
Calaveras County,0.0
Clark County,
Colusa County,0.0
Contra Costa County,0.07239441824097584
El Dorado County,0.022472425140025246
Esmeralda County,0.302718
Fresno County,0.030421401963563167
Glenn County,0.0
Humboldt County,0.42482967803311367
Imperial County,0.17343831812443436
Inyo County,0.302718
Jackson County,0.302718
Josephine County,
Kern County,0.12346520833422203
Kings County,0.03384796955317107
Klamath County,
La Paz County,0.30271799999999993
Lake County,0.0318725073546275
Lassen County,0.003979988557281549
Los Angeles,0.0
Los Angeles County,0.030298189212548635
Madera County,0.0
Maricopa County,
Marin County,0.0
Mariposa County,0.0
Mendocino County,0.0
Merced County,0.0
Modoc County,0.302718
Mono County,0.014622249999999995
Monterey County,0.07717583234299497
Municipio de Mexicali,0.30271800000000004
Municipio de Tijuana,0.44677777971674193
Napa County,0.0
Nevada County,0.15884072243995756
Orange County,0.0007209944953158339
Placer County,0.018516752463117635
Plumas County,0.0
Riverside County,0.16841868438945864
Sacramento County,0.05297316538587583
San Benito County,0.0
San Bernardino County,0.14330165013437343
San Diego County,0.0304575167301438
San Francisco County,0.0
San Joaquin County,0.05805871891102571
San Luis Obispo County,0.0014016703736797035
San Mateo County,0.0
Santa Barbara County,0.01389738924147182
Santa Clara County,0.04131563784623511
Santa Cruz County,0.0
Shasta County,0.10511351471005832
Sierra County,0.19152957864266218
Siskiyou County,0.10812806784515229
Solano County,0.0
Sonoma County,0.004197982835024473
Stanislaus County,0.03278454869350565
Sutter County,0.020282885348903917
Tehama County,0.08476389526981865
Trinity County,0.4279154670625797
Tulare County,0.0
Tuolumne County,0.0
Ventura County,0.018512321478780486
Yolo County,0.0
Yuba County,0.02355151435113937
Yuma County,0.30271800000000004
