county,0
 County,
Alameda County,0.019501845093326902
Alpine County,0.005099657495569142
Amador County,0.03603617465016498
Butte County,0.0
Calaveras County,0.019447908990244397
Clark County,
Colusa County,0.0
Contra Costa County,0.041031461564815935
El Dorado County,0.11997078730618495
Esmeralda County,0.016003685758626564
Fresno County,0.036625359620147256
Glenn County,0.009189035754284612
Humboldt County,0.013526677432308409
Imperial County,0.04284761710382196
Inyo County,0.011112043916288747
Josephine County,
Kern County,0.034625015944666465
Kings County,0.0009238459028501054
Klamath County,
La Paz County,1.0687580826379364
Lake County,0.02116570068206507
Lassen County,0.0017394952223876517
Los Angeles County,0.026075185256796165
Madera County,0.0004814450027399977
Maricopa County,
Marin County,0.0
Mariposa County,0.0
Mendocino County,0.023485852798586195
Merced County,0.040113316897568946
Modoc County,0.0
Mono County,0.010084603547247434
Monterey County,0.13755970021416553
Municipio de Mexicali County,0.0186523294481917
Municipio de Tijuana County,0.03331783286527486
Napa County,0.04613997794827234
Nevada County,0.0
Orange County,0.002163920885695062
Placer County,0.00967619697828334
Plumas County,0.0
Riverside County,0.053514827060411954
Sacramento County,0.07190624890183459
San Benito County,0.8124410258996315
San Bernardino County,0.05317384675208337
San Diego County,0.02547707156701291
San Francisco County,0.0
San Joaquin County,0.03828581498715429
San Luis Obispo County,0.0015168292746877983
San Mateo County,0.005789739841255841
Santa Barbara County,1.2776173372415334e-15
Santa Clara County,0.029862741564574167
Santa Cruz County,0.03112192222921351
Shasta County,0.03269266554760683
Sierra County,0.0
Siskiyou County,0.026235107079610263
Solano County,0.03129984022167747
Sonoma County,0.03122161771700229
Stanislaus County,0.06063671023625553
Sutter County,0.0
Tehama County,0.013921157376478144
Trinity County,0.04007670176462473
Tulare County,0.042351610058930345
Tuolumne County,0.2034188967727544
Ventura County,0.010664674558701565
Yolo County,0.0
Yuba County,0.0
Yuma County,0.04822277161150565
