county,0
 County,
Alameda County,0.0001157704461273264
Alpine County,0.0001810299799208042
Amador County,0.00017527372031985884
Butte County,0.00015727886941858417
Calaveras County,0.0001754164286993579
Clark County,
Colusa County,0.0
Contra Costa County,0.00011101337916308075
El Dorado County,0.06083693324177996
Esmeralda County,0.125137341745641
Fresno County,9.57629369935978e-06
Glenn County,0.0
Humboldt County,1.1470401301426085
Imperial County,0.07298462675959648
Inyo County,0.12874704849617852
Josephine County,
Kern County,0.01787992344036362
Kings County,0.0
Klamath County,
La Paz County,0.0
Lake County,0.0860557700653288
Lassen County,0.012038376301200129
Los Angeles County,0.0024804028188833765
Madera County,1.085839216920437e-05
Maricopa County,
Marin County,0.0
Mariposa County,1.7783413721319051e-07
Mendocino County,0.0
Merced County,2.1226775061593684e-05
Modoc County,8.660100530566538e-05
Mono County,0.1579203
Monterey County,0.00011951039574531248
Municipio de Mexicali County,0.15792030000000004
Municipio de Tijuana County,0.0
Napa County,0.0
Nevada County,0.00016150072153507878
Orange County,0.0
Placer County,0.00011147007813722563
Plumas County,0.0001912900780207025
Riverside County,0.0058690021698898165
Sacramento County,0.008745812398574866
San Benito County,0.00011110513927542838
San Bernardino County,0.000495345768449649
San Diego County,0.0
San Francisco County,0.01035362869786193
San Joaquin County,0.00011163336013401094
San Luis Obispo County,4.346985851425721e-06
San Mateo County,0.0001463287286908241
Santa Barbara County,0.0
Santa Clara County,0.006068881609992308
Santa Cruz County,0.0001396273736752218
Shasta County,0.5150814183804396
Sierra County,0.00015221393042764723
Siskiyou County,0.0
Solano County,0.00896962165938819
Sonoma County,0.011334553670729724
Stanislaus County,0.17736084113038095
Sutter County,0.00012646874133507319
Tehama County,0.9038565850246684
Trinity County,1.1553717612222998
Tulare County,2.5885272834399475e-08
Tuolumne County,0.00011536505225267838
Ventura County,0.02775047671917232
Yolo County,8.703861262985173e-05
Yuba County,0.0001287619881448931
Yuma County,0.019891618304492834
