county,0
 County,
Alameda County,0.900859157604386
Alpine County,0.267364385367734
Amador County,0.29800649192412426
Butte County,0.742750279287505
Calaveras County,0.266225954710723
Clark County,
Colusa County,1.2310353
Contra Costa County,1.1367037567942397
El Dorado County,0.8363534498925128
Esmeralda County,0.22307998609152543
Fresno County,0.6700659025880823
Glenn County,1.2310353
Humboldt County,1.1855420093420714
Imperial County,0.23839243609085223
Inyo County,0.2956397483500844
Josephine County,
Kern County,1.142121709432214
Kings County,0.6882831242846131
Klamath County,
La Paz County,1.2310352999999998
Lake County,0.3578146436446177
Lassen County,0.5815969514840887
Los Angeles County,1.059653013390147
Madera County,0.47298180908470744
Maricopa County,
Marin County,0.9951723749338535
Mariposa County,0.9829934993605817
Mendocino County,0.5052141478209248
Merced County,0.4668494077252833
Modoc County,0.8783035046425325
Mono County,0.1579203
Monterey County,0.9313933725707193
Municipio de Mexicali County,0.1579203
Municipio de Tijuana County,1.2310353
Napa County,1.0214540987617011
Nevada County,0.6188505304301222
Orange County,1.1457041726315795
Placer County,0.9894536698708798
Plumas County,0.6161356792009055
Riverside County,1.1113413746522254
Sacramento County,1.1197928636473573
San Benito County,1.1564727851902166
San Bernardino County,1.0774327255932772
San Diego County,1.000615014068092
San Francisco County,0.7258762666799276
San Joaquin County,0.6064059988064737
San Luis Obispo County,0.1488329382907272
San Mateo County,0.8026369215018178
Santa Barbara County,0.8985178062919029
Santa Clara County,1.0737072853672411
Santa Cruz County,0.6016527591754688
Shasta County,1.177191741660573
Sierra County,0.5895643249454836
Siskiyou County,1.2310353000000003
Solano County,0.8127186274102461
Sonoma County,0.821181546969688
Stanislaus County,1.0077391296109115
Sutter County,0.8934619650831195
Tehama County,1.2310353
Trinity County,1.1900545698852578
Tulare County,1.2024952536214388
Tuolumne County,0.8884163108281538
Ventura County,1.1312987764356206
Yolo County,0.8895690259951344
Yuba County,0.8439596834832391
Yuma County,0.7307952936423728
