county,0
 County,
Alameda County,0.08130393714517266
Alpine County,0.062266356159086225
Amador County,0.06028645586526652
Butte County,0.054813261030984904
Calaveras County,0.06055020381941214
Clark County,
Colusa County,0.0
Contra Costa County,0.24173595561697023
El Dorado County,0.11654226995799793
Esmeralda County,0.12727882627841408
Fresno County,0.0535104456937961
Glenn County,0.0
Humboldt County,1.147040130318868
Imperial County,0.11247581693282271
Inyo County,0.1296723077897588
Josephine County,
Kern County,0.2547351572239951
Kings County,0.023862246296004516
Klamath County,
La Paz County,0.37454943694648646
Lake County,0.08605577002164487
Lassen County,0.051852576916975805
Los Angeles County,0.082671902556373
Madera County,0.0037352383428878424
Maricopa County,
Marin County,0.0
Mariposa County,0.0004902151604596057
Mendocino County,0.0
Merced County,0.16012747165421848
Modoc County,0.03108150332468626
Mono County,0.1579203
Monterey County,0.23277240601956886
Municipio de Mexicali County,0.1579203
Municipio de Tijuana County,0.0
Napa County,0.0
Nevada County,0.0555894958557155
Orange County,0.0
Placer County,0.03853995191896008
Plumas County,0.06577405014594667
Riverside County,0.04179405833349976
Sacramento County,0.2960463823884797
San Benito County,0.04704148752289002
San Bernardino County,0.1536278589978721
San Diego County,0.057810804790633996
San Francisco County,0.07766710224239863
San Joaquin County,0.15484426036794874
San Luis Obispo County,0.0015046291079240301
San Mateo County,0.06131878425597437
Santa Barbara County,0.14607178959467984
Santa Clara County,0.21099508125133284
Santa Cruz County,0.048730133289068216
Shasta County,0.476761266005159
Sierra County,0.052263945469016165
Siskiyou County,0.0
Solano County,0.033371207246412196
Sonoma County,0.01133455369913819
Stanislaus County,0.4269671206256181
Sutter County,0.17483128817866297
Tehama County,0.5942738599338171
Trinity County,1.15537176134711
Tulare County,0.3243148603466571
Tuolumne County,0.03722322555027992
Ventura County,0.4998673386003588
Yolo County,0.1715945579377451
Yuba County,0.044200004580342275
Yuma County,0.5637178019125091
