county,0
 County,
Alameda County,0.010407540848199016
Alpine County,0.007117934082605655
Amador County,0.04481718143328514
Butte County,0.008346153831798436
Calaveras County,0.0068943598318270734
Clark County,
Colusa County,0.09856198352313392
Contra Costa County,0.12141847337595908
El Dorado County,0.06701237563956224
Esmeralda County,0.1263420139852941
Fresno County,0.026395200066785335
Glenn County,0.2144204833212167
Humboldt County,1.154243211451611
Imperial County,0.07443283980750078
Inyo County,0.12926534411521204
Josephine County,
Kern County,0.07024566202284752
Kings County,0.0
Klamath County,
La Paz County,0.0
Lake County,0.13908588100223018
Lassen County,0.015538860211641704
Los Angeles County,0.18033341975311531
Madera County,0.0003630987367423667
Maricopa County,
Marin County,0.0066593126670815685
Mariposa County,1.567729645318907e-05
Mendocino County,0.11662580489125132
Merced County,0.15582471790043081
Modoc County,0.004873288956945526
Mono County,0.15792029999999999
Monterey County,0.020560367609205283
Municipio de Mexicali County,0.1579203
Municipio de Tijuana County,0.0810571321967544
Napa County,0.009072247128799137
Nevada County,0.007477792471044714
Orange County,0.09685444980732252
Placer County,0.013912683140199254
Plumas County,0.007532316531778056
Riverside County,0.050897567874658135
Sacramento County,0.0774690415768688
San Benito County,0.0042015827606842375
San Bernardino County,0.05871777314044543
San Diego County,0.09738228186386884
San Francisco County,0.015082580079699523
San Joaquin County,0.012736962575311045
San Luis Obispo County,0.00017961223312489715
San Mateo County,0.005730386183944105
Santa Barbara County,0.1615805232420211
Santa Clara County,0.06498983973575524
Santa Cruz County,0.005237866107982696
Shasta County,0.8130025918389663
Sierra County,0.007796370364227955
Siskiyou County,1.1927305475894738
Solano County,0.012434036738835917
Sonoma County,0.05940222349842646
Stanislaus County,0.3660793910903818
Sutter County,0.009398696642137227
Tehama County,1.1373110903443633
Trinity County,1.1618603560499285
Tulare County,2.2273754205372754e-06
Tuolumne County,0.004518707918831327
Ventura County,0.3791589664924978
Yolo County,0.009135944106804688
Yuba County,0.00790963797066475
Yuma County,0.020630600258271087
