county,0
Alameda County,0.005143798292478221
Alpine County,0.0
Amador County,0.0
Butte County,0.22685482951506913
Calaveras County,0.0
Clark County,
Colusa County,0.0
Contra Costa County,0.06622147351271922
El Dorado County,0.022472425146718288
Esmeralda County,0.302718
Fresno County,0.013116565207958043
Glenn County,0.09258572342799627
Humboldt County,0.42482967810512245
Imperial County,0.1547790345655638
Inyo County,0.302718
Jackson County,0.302718
Josephine County,
Kern County,0.03978008576392511
Kings County,0.0
Klamath County,
La Paz County,0.30271799999999993
Lake County,0.03187250736327628
Lassen County,0.003979988559387593
Los Angeles,0.0
Los Angeles County,0.057033444559635944
Madera County,0.0
Maricopa County,
Marin County,0.0
Mariposa County,0.0
Mendocino County,0.0
Merced County,0.0
Modoc County,0.302718
Mono County,0.014622249999999998
Monterey County,0.07894477832381348
Municipio de Mexicali,0.30271799999999993
Municipio de Tijuana,0.302718
Napa County,0.0
Nevada County,0.21999890148969675
Orange County,0.006273053397644735
Placer County,0.01851675245851393
Plumas County,0.0
Riverside County,0.02772579070887125
Sacramento County,0.05518801363655286
San Benito County,0.0
San Bernardino County,0.09570365664447042
San Diego County,0.04677267027488359
San Francisco County,0.0
San Joaquin County,0.05705178381669937
San Luis Obispo County,0.0
San Mateo County,0.0
Santa Barbara County,0.060418908194528206
Santa Clara County,0.034203386695035906
Santa Cruz County,0.0
Shasta County,0.14445142697641342
Sierra County,0.19152957857970135
Siskiyou County,0.10812806789956571
Solano County,0.0
Sonoma County,0.004197982832356642
Stanislaus County,0.030806453890817143
Sutter County,0.020282885333326204
Tehama County,0.4243045915642535
Trinity County,0.42791546720332024
Tulare County,0.0
Tuolumne County,0.0
Ventura County,0.012499137508603252
Yolo County,0.017402285809757317
Yuba County,0.023551514354561646
Yuma County,0.302718
