county,0
 County,
Alameda County,0.5327530242983665
Alpine County,0.16567592699335906
Amador County,0.19955144909550368
Butte County,0.6523381757575811
Calaveras County,0.1650475626852682
Clark County,
Colusa County,1.2310353
Contra Costa County,0.8199373246110434
El Dorado County,0.6784605285562063
Esmeralda County,0.1579203
Fresno County,0.6082838985626893
Glenn County,1.2310353000000003
Humboldt County,1.157815241688305
Imperial County,0.20914399552900217
Inyo County,0.1579203
Josephine County,
Kern County,0.9163127529593521
Kings County,0.7621667293022526
Klamath County,
La Paz County,1.2310353
Lake County,0.2541145594334867
Lassen County,0.38887857758959093
Los Angeles County,0.9600736606201487
Madera County,0.3387700605707386
Maricopa County,
Marin County,0.7300666360203039
Mariposa County,0.6345118181411322
Mendocino County,0.19250940791236953
Merced County,0.4431734927599053
Modoc County,0.9576128977276108
Mono County,0.1579203
Monterey County,0.8005928550287729
Municipio de Mexicali County,0.1579203
Municipio de Tijuana County,1.2310353
Napa County,0.8503157166507064
Nevada County,0.39162298262549866
Orange County,0.9635813539681236
Placer County,0.6444640855418914
Plumas County,0.4267165283539205
Riverside County,0.9914706041052508
Sacramento County,1.06435286257476
San Benito County,1.1176388281367786
San Bernardino County,1.0123107628171375
San Diego County,0.8767550754858995
San Francisco County,0.41357528157476026
San Joaquin County,0.5351030520215059
San Luis Obispo County,0.07167232751701784
San Mateo County,0.5368185999943603
Santa Barbara County,0.5861207729605857
Santa Clara County,0.9004631942621066
Santa Cruz County,0.3360374077918963
Shasta County,1.1606052927613766
Sierra County,0.4342162426183345
Siskiyou County,1.2310352999999998
Solano County,0.6839905338985149
Sonoma County,0.4218085862499932
Stanislaus County,0.9639348035091772
Sutter County,0.6622050156496535
Tehama County,1.2310353
Trinity County,1.1650780701897903
Tulare County,0.8664653557571436
Tuolumne County,0.6982696953311717
Ventura County,1.1110875437260332
Yolo County,0.7155883579602554
Yuba County,0.492944269416801
Yuma County,0.5069118404124275
