county,0
 County,
Alameda County,0.01572118511406637
Alpine County,0.0
Amador County,0.004029913281252833
Butte County,0.0
Calaveras County,0.0
Clark County,
Colusa County,0.0
Contra Costa County,0.03810954271240315
El Dorado County,0.09008243442436321
Esmeralda County,0.0
Fresno County,0.03165826477433684
Glenn County,0.00830551863531757
Humboldt County,0.013684878169925389
Imperial County,0.04765670528946973
Inyo County,0.004998418996201389
Josephine County,
Kern County,0.08348920767450735
Kings County,0.001083019363849292
Klamath County,
La Paz County,0.8286004353426142
Lake County,0.020931322863354803
Lassen County,0.0017856454989326144
Los Angeles County,0.02544557355487913
Madera County,0.00030296501720907394
Maricopa County,
Marin County,0.0
Mariposa County,0.0
Mendocino County,0.02325202778234944
Merced County,0.04275469532438511
Modoc County,0.0
Mono County,0.03393109450956583
Monterey County,0.12756812759182826
Municipio de Mexicali County,0.01069044097787053
Municipio de Tijuana County,0.020688794287872733
Napa County,0.053449091291586225
Nevada County,0.0
Orange County,0.001345029998579407
Placer County,0.0
Plumas County,0.0
Riverside County,0.04400978952271022
Sacramento County,0.07400495052972238
San Benito County,0.7863806681719437
San Bernardino County,0.05042305188044835
San Diego County,0.041712197826389415
San Francisco County,0.0
San Joaquin County,0.03517138769588483
San Luis Obispo County,0.0020555755442209023
San Mateo County,0.0049990972367324644
Santa Barbara County,0.0
Santa Clara County,0.028815050742413664
Santa Cruz County,0.03623937192349225
Shasta County,0.03152336158766563
Sierra County,0.0
Siskiyou County,0.02660157696738334
Solano County,0.030846195328900573
Sonoma County,0.02732260750070231
Stanislaus County,0.0527419293715341
Sutter County,0.0
Tehama County,0.014218711345222557
Trinity County,0.040621297066126646
Tulare County,0.03881521471018441
Tuolumne County,0.0
Ventura County,0.009469244801482132
Yolo County,0.0
Yuba County,0.0
Yuma County,0.03763414912413214
