county,0
 County,
Alameda County,0.017062948993831956
Alpine County,0.0
Amador County,0.0
Butte County,0.0
Calaveras County,0.0
Clark County,
Colusa County,0.0
Contra Costa County,0.06828052548775966
El Dorado County,0.018568989185317495
Esmeralda County,0.017629908082846386
Fresno County,0.07145521252444495
Glenn County,0.08018950784842334
Humboldt County,0.021036017197830312
Imperial County,0.08496192905571934
Inyo County,0.01406441725245104
Josephine County,
Kern County,0.2154918174722626
Kings County,0.043586398776387744
Klamath County,
La Paz County,4.724847660635201
Lake County,0.017696535752497158
Lassen County,0.0010423991078987761
Los Angeles County,0.023864027670318106
Madera County,0.0
Maricopa County,
Marin County,0.0
Mariposa County,0.0
Mendocino County,0.024094656873500063
Merced County,0.05701586505271407
Modoc County,0.0
Mono County,0.008128675807898672
Monterey County,0.13014007845733
Municipio de Mexicali County,0.0
Municipio de Tijuana County,0.21977726915056614
Napa County,0.0
Nevada County,0.0
Orange County,0.0018552033028126495
Placer County,0.0
Plumas County,0.0
Riverside County,0.0553701600105452
Sacramento County,0.0708208532942003
San Benito County,1.091151187326924
San Bernardino County,0.061104867748214706
San Diego County,0.016935871906852765
San Francisco County,0.0
San Joaquin County,0.05282046907721469
San Luis Obispo County,0.0003261568146977916
San Mateo County,0.0
Santa Barbara County,0.013954513759018692
Santa Clara County,0.047934926635917405
Santa Cruz County,0.0
Shasta County,0.03617551888633019
Sierra County,0.0
Siskiyou County,0.0
Solano County,0.07953537643510844
Sonoma County,0.007391636143746734
Stanislaus County,0.06838149965083332
Sutter County,0.022860120964746287
Tehama County,0.017933822770481403
Trinity County,0.05502698324923822
Tulare County,0.04977896453609588
Tuolumne County,0.0
Ventura County,0.01242268425437075
Yolo County,0.0
Yuba County,0.0
Yuma County,0.0
