county,0
 County,
Alameda County,0.02563261706737447
Alpine County,0.026021112731667448
Amador County,0.025193712320893943
Butte County,0.02287148900016456
Calaveras County,0.02524098613159672
Clark County,
Colusa County,0.0
Contra Costa County,0.15666583789984365
El Dorado County,0.08392236609655952
Esmeralda County,0.12674989384800686
Fresno County,0.03631226071828175
Glenn County,0.0
Humboldt County,1.147040130077855
Imperial County,0.10813841042828835
Inyo County,0.1294414005474125
Josephine County,
Kern County,0.16173411010154795
Kings County,0.008068790355416532
Klamath County,
La Paz County,0.26754663205431967
Lake County,0.08605577004585295
Lassen County,0.02745487701724765
Los Angeles County,0.03148230683696917
Madera County,0.001391319695785598
Maricopa County,
Marin County,0.0
Mariposa County,6.787615675468078e-05
Mendocino County,0.0
Merced County,0.15719095522883447
Modoc County,0.01289671041095922
Mono County,0.1579203
Monterey County,0.09491972172575078
Municipio de Mexicali County,0.1579203
Municipio de Tijuana County,0.0
Napa County,0.0
Nevada County,0.023251271387384843
Orange County,0.0
Placer County,0.01604780311605853
Plumas County,0.02752148186303852
Riverside County,0.020092848512606395
Sacramento County,0.18565026896569756
San Benito County,0.020901369174750568
San Bernardino County,0.019216533689636463
San Diego County,0.0012131516251117935
San Francisco County,0.030148703817952465
San Joaquin County,0.07767359310936836
San Luis Obispo County,0.0006463852685642694
San Mateo County,0.021002464281324195
Santa Barbara County,0.13061990622654293
Santa Clara County,0.10162386723255253
Santa Cruz County,0.019397327780814846
Shasta County,0.5507979394000795
Sierra County,0.021898174334882583
Siskiyou County,0.0
Solano County,0.018376220401570553
Sonoma County,0.011334553694722471
Stanislaus County,0.3944427596453794
Sutter County,0.04783980911752766
Tehama County,0.9073898220872249
Trinity County,1.1553717613261405
Tulare County,0.13041733579681916
Tuolumne County,0.016547772483428643
Ventura County,0.4449895833645853
Yolo County,0.01940327009841456
Yuba County,0.01852804741105338
Yuma County,0.5207904201416877
