county,0
 County,
Alameda County,0.014736885812016688
Alpine County,0.0
Amador County,0.0
Butte County,0.0
Calaveras County,0.0
Clark County,
Colusa County,0.0
Contra Costa County,0.039383800865825845
El Dorado County,0.1415190456290285
Esmeralda County,0.0
Fresno County,0.03181322007918831
Glenn County,0.009992522022631069
Humboldt County,0.020011271854674443
Imperial County,0.05152222353759205
Inyo County,0.005903516198771768
Josephine County,
Kern County,0.12636446099423318
Kings County,0.0
Klamath County,
La Paz County,0.6869642079785798
Lake County,0.023723647879812165
Lassen County,0.0020749325247132796
Los Angeles County,0.016401741753763622
Madera County,0.0
Maricopa County,
Marin County,0.0
Mariposa County,0.0
Mendocino County,0.026371968530783184
Merced County,0.08025229799549949
Modoc County,0.0
Mono County,0.03942816784402171
Monterey County,0.08603380059741768
Municipio de Mexicali County,0.021277532675445136
Municipio de Tijuana County,0.0
Napa County,0.05602968782988807
Nevada County,0.0
Orange County,0.0033221351305662344
Placer County,0.0
Plumas County,0.0
Riverside County,0.04608714000542752
Sacramento County,0.0839100858614486
San Benito County,0.9167569639234596
San Bernardino County,0.05919768348295221
San Diego County,0.02350325255449201
San Francisco County,0.0
San Joaquin County,0.04159880016488571
San Luis Obispo County,0.0
San Mateo County,0.0
Santa Barbara County,0.0
Santa Clara County,0.017971486249767316
Santa Cruz County,0.0
Shasta County,0.04437416145324707
Sierra County,0.0
Siskiyou County,0.0
Solano County,0.03019183914680556
Sonoma County,0.02846624354285018
Stanislaus County,0.05667938396863079
Sutter County,0.0
Tehama County,0.021816655479025625
Trinity County,0.0520256212284428
Tulare County,0.04087381213876237
Tuolumne County,0.0
Ventura County,0.008658980225716028
Yolo County,0.0
Yuba County,0.0
Yuma County,0.06058409977670254
