county,0
Alameda County,0.0
Alpine County,0.0
Amador County,0.0
Butte County,0.19825586758579622
Calaveras County,0.0
Clark County,
Colusa County,0.0
Contra Costa County,0.0020748620819947567
El Dorado County,0.022472425144317826
Esmeralda County,0.302718
Fresno County,0.006744618573391869
Glenn County,0.09258572339099762
Humboldt County,0.42482967815776135
Imperial County,0.15473237081693805
Inyo County,0.302718
Jackson County,0.302718
Josephine County,
Kern County,0.007213291671542275
Kings County,0.0
Klamath County,
La Paz County,0.30271799999999993
Lake County,0.031872507361911454
Lassen County,0.003979988560122529
Los Angeles,0.0
Los Angeles County,0.035651362816976374
Madera County,0.0
Maricopa County,
Marin County,0.0
Mariposa County,0.0
Mendocino County,0.0
Merced County,0.0
Modoc County,0.30271800000000004
Mono County,0.01462225
Monterey County,0.006364832385421419
Municipio de Mexicali,0.30271799999999993
Municipio de Tijuana,0.302718
Napa County,0.0
Nevada County,0.21999890155565643
Orange County,0.1658990729426977
Placer County,0.018516752452527818
Plumas County,0.0
Riverside County,0.008325694898777047
Sacramento County,0.014026217318314306
San Benito County,0.0
San Bernardino County,0.021549297097971987
San Diego County,0.3020373326270474
San Francisco County,0.0
San Joaquin County,0.0029789685033301525
San Luis Obispo County,0.0
San Mateo County,0.0
Santa Barbara County,0.0
Santa Clara County,0.01411565406443035
Santa Cruz County,0.0
Shasta County,0.13306542829498802
Sierra County,0.19152957864832765
Siskiyou County,0.24608632001369948
Solano County,0.0
Sonoma County,0.004197982829471371
Stanislaus County,0.02755045687765523
Sutter County,0.020282885333768666
Tehama County,0.4243045915702503
Trinity County,0.42791546719754525
Tulare County,0.0
Tuolumne County,0.0
Ventura County,0.0
Yolo County,0.017402285820468887
Yuba County,0.023551514380203992
Yuma County,0.30271799999999993
