county,0
Alameda County,0.011947815920753052
Alpine County,0.0
Amador County,0.0
Butte County,0.0
Calaveras County,0.0
Clark County,
Colusa County,0.0
Contra Costa County,0.041154640345459056
El Dorado County,0.07061033740299688
Esmeralda County,0.0
Fresno County,0.04601944587347906
Glenn County,0.031973497663712123
Humboldt County,0.033534666919536486
Imperial County,0.0782172901020595
Inyo County,0.0011684105439375995
Jackson County,0.0
Josephine County,
Kern County,0.059525493424015086
Kings County,0.0
Klamath County,
La Paz County,5.288994307473388
Lake County,0.02047009395521346
Lassen County,0.0012229178542379048
Los Angeles,0.0
Los Angeles County,0.021193870326033492
Madera County,0.0
Maricopa County,
Marin County,0.0
Mariposa County,0.0
Mendocino County,0.02144465228035473
Merced County,0.05532999552567972
Modoc County,0.0
Mono County,0.008263534971991369
Monterey County,0.07896671954683228
Municipio de Mexicali,0.0
Municipio de Tijuana,0.04033863447030948
Napa County,0.042445608601498805
Nevada County,0.0
Orange County,0.00184311826264954
Placer County,0.0
Plumas County,0.0
Riverside County,0.03957795706714693
Sacramento County,0.07167743753743232
San Benito County,1.0865490205416188
San Bernardino County,0.04392423540301452
San Diego County,0.026030581088675467
San Francisco County,0.0
San Joaquin County,0.03441566729992509
San Luis Obispo County,9.945467864509386e-10
San Mateo County,0.0
Santa Barbara County,0.0
Santa Clara County,0.04955601993401925
Santa Cruz County,0.0
Shasta County,0.026119525089267452
Sierra County,0.0
Siskiyou County,0.0
Solano County,0.016835777115173835
Sonoma County,0.020989913591428013
Stanislaus County,0.053207921077980426
Sutter County,0.0
Tehama County,0.021907697698279053
Trinity County,0.055475727349979444
Tulare County,0.03473433956460375
Tuolumne County,0.3439233355690458
Ventura County,0.009200395485321713
Yolo County,0.0
Yuba County,0.0
Yuma County,0.0
