county,0
Alameda County,0.0
Alpine County,0.0
Amador County,0.0
Butte County,0.23539009591623022
Calaveras County,0.0
Clark County,
Colusa County,0.0
Contra Costa County,0.011137656215126818
El Dorado County,0.022472425149815543
Esmeralda County,0.302718
Fresno County,0.006744618687929264
Glenn County,0.0925857238001349
Humboldt County,0.4248296779877252
Imperial County,0.15468758837337318
Inyo County,0.30271799999999993
Jackson County,0.302718
Josephine County,
Kern County,0.010674068343085912
Kings County,0.0
Klamath County,
La Paz County,0.302718
Lake County,0.03187250734010781
Lassen County,0.003979988540032299
Los Angeles,0.0
Los Angeles County,0.03464009190672035
Madera County,0.0
Maricopa County,
Marin County,0.0
Mariposa County,0.0
Mendocino County,0.0
Merced County,0.0
Modoc County,0.302718
Mono County,0.01462225
Monterey County,0.006364832408415651
Municipio de Mexicali,0.302718
Municipio de Tijuana,0.30271800000000004
Napa County,0.0
Nevada County,0.15884072254614942
Orange County,0.0
Placer County,0.056943743576717734
Plumas County,0.18819776450397904
Riverside County,0.04963435622978771
Sacramento County,0.01551431135894102
San Benito County,0.0
San Bernardino County,0.02685552164206661
San Diego County,0.043205941742630684
San Francisco County,0.0
San Joaquin County,0.00297896849329745
San Luis Obispo County,0.0
San Mateo County,0.0
Santa Barbara County,0.0
Santa Clara County,0.005295132289961852
Santa Cruz County,0.0
Shasta County,0.1330654289045353
Sierra County,0.1915295785893105
Siskiyou County,0.10812806752517708
Solano County,0.09060501864072995
Sonoma County,0.004197982826695038
Stanislaus County,0.027313596782033142
Sutter County,0.21200100489926998
Tehama County,0.4243045915787121
Trinity County,0.4279154671346642
Tulare County,0.0
Tuolumne County,0.0
Ventura County,0.0
Yolo County,0.0551770887912536
Yuba County,0.1963895012672907
Yuma County,0.302718
