county,0
 County,
Alameda County,0.0007103710748102924
Alpine County,0.0009214791537962672
Amador County,0.03929520431265441
Butte County,0.0030334431857439916
Calaveras County,0.000892571138236234
Clark County,
Colusa County,0.15693475261834602
Contra Costa County,0.0061672388340199575
El Dorado County,0.06149624703861338
Esmeralda County,0.12523025340181432
Fresno County,4.678615488417988e-05
Glenn County,0.26952975821613717
Humboldt County,1.1548130216220975
Imperial County,0.0730083383838198
Inyo County,0.1287820910697453
Josephine County,
Kern County,0.03912892565443862
Kings County,0.0
Klamath County,
La Paz County,0.0
Lake County,0.14638656228551664
Lassen County,0.012402863295953652
Los Angeles County,0.017164895903161975
Madera County,5.278702894894621e-05
Maricopa County,
Marin County,0.004293708284134088
Mariposa County,1.236726496087017e-06
Mendocino County,0.12485276366064763
Merced County,0.00010438636217317658
Modoc County,0.0006189095124510741
Mono County,0.1579203
Monterey County,0.000596580328717209
Municipio de Mexicali County,0.1579203
Municipio de Tijuana County,0.011292048408409121
Napa County,0.020464017432290538
Nevada County,0.0009666398498324486
Orange County,0.021093844064044933
Placer County,0.013105739098991445
Plumas County,0.0009742510127167087
Riverside County,0.020720880026474733
Sacramento County,0.017793714725229427
San Benito County,0.0005587120792725019
San Bernardino County,0.028934961430204145
San Diego County,0.012729022560570761
San Francisco County,0.010808439310932592
San Joaquin County,0.0005659670859780167
San Luis Obispo County,2.2458883486667018e-05
San Mateo County,0.0007432772748987124
Santa Barbara County,0.0014211382889005148
Santa Clara County,0.006965370937364112
Santa Cruz County,0.0007011499163823454
Shasta County,0.7892675265285608
Sierra County,0.0010074883317737829
Siskiyou County,1.2077459063170217
Solano County,0.01058462607244629
Sonoma County,0.07197704092878936
Stanislaus County,0.17894841471801234
Sutter County,0.004899129443415102
Tehama County,1.148354391933462
Trinity County,1.1623736457520635
Tulare County,1.7952264457494227e-07
Tuolumne County,0.000585666695876737
Ventura County,0.030088023851143997
Yolo County,0.00739133287168987
Yuba County,0.0010218802882210561
Yuma County,0.019951584947186657
