county,0
 County,
Alameda County,0.027317877204040244
Alpine County,0.02808868550049103
Amador County,0.06474575016039719
Butte County,0.028680469793419833
Calaveras County,0.027250988489129175
Clark County,
Colusa County,0.06076405531702478
Contra Costa County,0.16376540081139426
El Dorado County,0.08577914378500984
Esmeralda County,0.12679383939244537
Fresno County,0.03727880436200082
Glenn County,0.17850162472051898
Humboldt County,1.1567065401275438
Imperial County,0.10839593074714271
Inyo County,0.12946017971083887
Josephine County,
Kern County,0.17124744997940106
Kings County,0.009235275762704559
Klamath County,
La Paz County,0.2734475960734078
Lake County,0.1457556964573971
Lassen County,0.02879769837894858
Los Angeles County,0.31956860213522864
Madera County,0.0015094835510889898
Maricopa County,
Marin County,0.024454134796267013
Mariposa County,7.452923443801493e-05
Mendocino County,0.14259461806376955
Merced County,0.15734660508070789
Modoc County,0.019292364670658056
Mono County,0.1579203
Monterey County,0.10298010550235552
Municipio de Mexicali County,0.1579203
Municipio de Tijuana County,0.20609068300448055
Napa County,0.09846283210719085
Nevada County,0.029498360397477955
Orange County,0.4347444340900048
Placer County,0.03222704765904579
Plumas County,0.029706464602018583
Riverside County,0.39195257179945703
Sacramento County,0.21058520032163314
San Benito County,0.02237549718798601
San Bernardino County,0.39099949232879344
San Diego County,0.23935544629985406
San Francisco County,0.031805367950416885
San Joaquin County,0.08428582048409945
San Luis Obispo County,0.0006965298072678378
San Mateo County,0.022677192276703777
Santa Barbara County,0.20986728503472968
Santa Clara County,0.1551303745312383
Santa Cruz County,0.021045440785335563
Shasta County,0.8117698568384766
Sierra County,0.0307089250560825
Siskiyou County,1.180925447360155
Solano County,0.02735686958562825
Sonoma County,0.12647779082262567
Stanislaus County,0.3962132327200301
Sutter County,0.0580285639581808
Tehama County,1.1249482586410986
Trinity County,1.1640793429800795
Tulare County,0.14588466260022107
Tuolumne County,0.017867586512084064
Ventura County,0.45067899518161786
Yolo County,0.03236516222631008
Yuba County,0.031139183466037317
Yuma County,0.5231072639559552
