county,0
 County,
Alameda County,0.10353517314360461
Alpine County,0.0
Amador County,0.039143564405430036
Butte County,0.835627040747324
Calaveras County,0.004547488163238191
Clark County,
Colusa County,1.2310353
Contra Costa County,0.15591000891976992
El Dorado County,0.18691680580003386
Esmeralda County,0.1579203
Fresno County,0.009581807658632379
Glenn County,1.2310353
Humboldt County,1.1578152425139903
Imperial County,0.15792030000000004
Inyo County,0.1579203
Josephine County,
Kern County,0.04729481167916441
Kings County,0.0
Klamath County,
La Paz County,0.1579203
Lake County,0.24478191959034334
Lassen County,0.3744758528191496
Los Angeles County,0.0824786208112369
Madera County,0.0
Maricopa County,
Marin County,0.16304938414039877
Mariposa County,0.0
Mendocino County,0.19250940806241898
Merced County,0.044555069014232875
Modoc County,1.2310353000000003
Mono County,0.1579203
Monterey County,0.0
Municipio de Mexicali County,0.1579203
Municipio de Tijuana County,0.15792030000000004
Napa County,0.18276020507345062
Nevada County,0.5021721235028969
Orange County,0.06758949629433705
Placer County,0.6401527548264447
Plumas County,0.5269713636978913
Riverside County,0.18519816530774322
Sacramento County,0.5914848141441539
San Benito County,0.0
San Bernardino County,0.19829253281807466
San Diego County,0.15762735604969655
San Francisco County,0.06727854548527659
San Joaquin County,0.07975295508210947
San Luis Obispo County,0.0
San Mateo County,0.011663495105149024
Santa Barbara County,0.009665774360528456
Santa Clara County,0.08618508246599525
Santa Cruz County,0.0
Shasta County,1.169384087453578
Sierra County,0.5483858174762524
Siskiyou County,1.2310353
Solano County,0.5980849178842942
Sonoma County,0.159525913139041
Stanislaus County,0.778508794375575
Sutter County,0.6336531191180281
Tehama County,1.2310353
Trinity County,1.165078068808826
Tulare County,0.0
Tuolumne County,0.25276768392903287
Ventura County,0.20853528199468915
Yolo County,0.517793886594266
Yuba County,0.654885612599804
Yuma County,0.1579203
