county,0
 County,
Alameda County,0.4209126535457883
Alpine County,0.07059430394454658
Amador County,0.10749316232435983
Butte County,0.7459690146899458
Calaveras County,0.07063512431857306
Clark County,
Colusa County,1.2310353
Contra Costa County,0.6327071573381349
El Dorado County,0.7304537176795352
Esmeralda County,0.1579203
Fresno County,0.4081931956971924
Glenn County,1.2310353
Humboldt County,1.1578152419998138
Imperial County,0.17301578551226643
Inyo County,0.1579203
Josephine County,
Kern County,0.5562467281088599
Kings County,0.025365587891114066
Klamath County,
La Paz County,0.5742321997010179
Lake County,0.24642010394344405
Lassen County,0.3611871679695616
Los Angeles County,0.8565885315027444
Madera County,0.27415075501566727
Maricopa County,
Marin County,0.3409410666035391
Mariposa County,0.5724217252208835
Mendocino County,0.19250940776179257
Merced County,0.3504816920748073
Modoc County,1.2310353
Mono County,0.1579203
Monterey County,0.6934997865890156
Municipio de Mexicali County,0.1579203
Municipio de Tijuana County,0.5097973826587645
Napa County,0.8539114991880292
Nevada County,0.4194588779820585
Orange County,0.9652417188326281
Placer County,0.646078285872465
Plumas County,0.4123856559092074
Riverside County,0.9506045433771146
Sacramento County,1.1188369886383476
San Benito County,1.071159503788902
San Bernardino County,0.9897926041929387
San Diego County,0.7614312912172007
San Francisco County,0.24065614635807028
San Joaquin County,0.4896595136118911
San Luis Obispo County,0.016660908223415247
San Mateo County,0.22891730781152855
Santa Barbara County,0.5420719376901969
Santa Clara County,0.764323471088707
Santa Cruz County,0.17700840909666282
Shasta County,1.1593504133918846
Sierra County,0.5003962966373242
Siskiyou County,1.2310353000000003
Solano County,0.672178179458243
Sonoma County,0.24443104095295223
Stanislaus County,1.0259139536330861
Sutter County,0.6785013922975303
Tehama County,1.2310353
Trinity County,1.1650780704198596
Tulare County,0.5451339670603477
Tuolumne County,0.7745200721909417
Ventura County,1.0286103297034925
Yolo County,0.669870485208483
Yuba County,0.6075806382869342
Yuma County,0.1798439665957975
